ID,p_value
rs114256401,0.2993864610325545
rs143060471,0.20097522903233767
rs139380406,0.2768379661720246
rs143987486,0.948269157204777
rs4919869,0.7019685027189553
rs8104683,0.8200950620230287
rs73916989,0.08291866653598845
rs12461640,0.41024183109402657
rs373056053,0.7674322489183396
rs72970301,0.7610264718532562
rs72974150,0.5863129338249564
rs150267626,0.4272319325245917
rs139950588,0.5146133108064532
rs80237725,0.11958894995041192
rs75753844,0.2169685938861221
rs11882917,0.6541084155905992
rs183664535,0.7852356224320829
rs148526436,0.00348950014449656
rs11671860,0.02192637580446899
rs266801,0.8283291191328317
rs76239846,0.04322330327704549
rs28474782,0.08536623301915824
rs73919226,0.9053390487097204
rs11084901,0.008365713525563478
rs76438993,0.7852523836772889
rs57235298,0.11095939390361309
rs139293325,0.5285589650738984
rs148330104,0.5733915350865573
rs115178538,0.518500083591789
rs8103349,0.6442633713595569
rs142587908,0.6124919797293842
rs148746872,0.8566379605326802
rs182880154,0.22310808137990534
rs61309132,0.7625857389066368
rs202178103,0.8935746506322175
rs138448008,0.8545083843637258
rs28432934,0.6249968339689076
rs62119711,0.42558677680790424
rs12972434,0.12230402766726911
rs10421198,0.1465700645931065
rs11673422,0.7012064605951309
rs4807296,0.37292843661271036
rs7258352,0.41622273880057037
rs184735173,0.9046482245903462
rs112548730,0.4957490894012153
rs885704,0.10660389414988458
rs7253861,0.6810672611463815
rs200315688,0.012236973969265819
rs114392649,0.646307006245479
rs116079632,0.5146985987666994
rs79908374,0.14721387554891407
rs80023562,0.232628881232813
rs117474911,0.4120081446599215
rs116077001,0.7979561043903232
rs77348431,0.20470620295964181
rs116499692,0.5898983366787434
rs10425220,0.42982887220568955
rs758016,0.9083187323994935
rs74712448,0.23152072704397142
BI_GS_DEL1_B2_P2676_430,0.7595082318875939
rs139457427,0.8256320946384221
rs142110230,0.8898605869617313
rs115637692,0.21727014961652458
rs79874466,0.11001507053151727
rs66833742,0.48163284291513264
rs370322790,0.03275004727765918
rs200113024,0.5449247963260859
rs7249728,0.45718291169032454
rs141112678,0.5108002764172852
rs147035443,0.4999114053789526
rs147772229,0.5355453733354807
rs114703371,0.5522238733246922
rs56188931,0.4011265088338405
rs2363269,0.9654848736245185
rs186355428,0.7650193413719535
rs151061425,0.21234557777643204
rs56345794,0.8899616790004075
rs138074112,0.6732000440824777
rs73540678,0.22795740398578346
rs143460532,0.6555519346147776
rs34376470,0.4786412571556866
rs77938895,0.6872001031879336
rs77506412,0.6673491052351892
rs373306417,0.757988021010533
rs148634378,0.4244571994058788
rs143820145,0.5342963086441159
rs148496575,0.34614256233908236
rs190587670,0.12257318990305066
rs113701779,0.6242094829212874
rs10411214,0.6433075848035514
rs76229048,0.3221660046838224
rs199812262,0.6397803542204201
rs73549940,0.1630420950241387
rs113013806,0.3701292313635349
rs144588717,0.3055175570771098
rs114558579,0.2842945063021034
rs7246979,0.9362722802907228
rs7247287,0.8592649677302688
rs142423316,0.12247400474734604
rs11671437,0.9937401781789958
rs76837402,0.41751877032220364
rs182268961,0.3858787331264466
rs151299391,0.985907863592729
rs2241389,0.37092562136240304
rs10403533,0.049278053687885404
rs79208007,0.876992687350139
rs189331632,0.14302963437512517
rs79551594,0.43853347818367183
rs58602605,0.9887640541419387
rs11671608,0.19429667945951223
rs187321731,0.11181248864158988
rs138209528,0.37395846960134804
rs2914570,0.15352709568105638
rs199625927,0.579056610353291
rs143679126,0.4876070579048246
rs112965367,0.3331625184509903
rs74426024,0.7626018358860165
rs188686809,0.5007409325335175
rs34678172,0.7116250491235405
rs118063103,0.7859187610447407
rs794086,0.40601209341548383
rs28364072,0.7835692435037345
rs116074506,0.7655523957218975
rs62126591,0.7905563344247639
rs78610666,0.642952554160729
rs2452016,0.39995270036160946
rs79910775,0.46040210220962763
rs36130265,0.08878712123259902
rs181536822,0.013311381917446852
rs139662507,0.8872381791006774
rs113055199,0.7316755009815097
rs77775703,0.2522799882572144
rs151084883,0.5519762460608035
rs202192441,0.8563894620165229
rs5827005,0.5415020782966167
rs147236588,0.6841585543006659
rs114399690,0.7701648031361401
rs79134861,0.8678501879330724
rs79252189,0.8084865952841938
rs1862458,0.18551222933456302
rs11881254,0.533365486888215
rs113439578,0.12332994840107858
rs113562264,0.25773749337531626
rs143034043,0.15981980878859758
rs115616593,0.01361622428521514
rs113542578,0.5323731938842684
rs78504948,0.9301388873718679
rs1435,0.6956151088234037
rs10412353,0.29796977317892015
rs149542534,0.26688986527733505
rs113200406,0.6258678212761879
rs147773131,0.29510004445910454
rs115859353,0.9129833877086639
rs77624729,0.8033065982162952
rs3745595,0.9932249612174928
rs144312768,0.3708644467405975
rs146331862,0.2893300177529454
rs73506973,0.6372359569650143
rs61064209,0.11515902820974588
rs62128721,0.5267242169938982
rs117131708,0.8486380535177886
rs149787615,0.514593587256968
rs115947017,0.05859147198498249
rs78370725,0.12926559196785092
rs140770733,0.3735433721449226
rs73923262,0.6321088706608862
rs12710257,0.322746938560158
rs117056963,0.30155204865150154
rs1541596,0.04208354861475527
rs12608948,0.8143131122924387
rs112844541,0.44483478809706867
rs150269429,0.481327373534441
rs11878623,0.07020492409355938
rs77238163,0.09843589412048459
rs7258715,0.8216531812213361
rs117890966,0.501335829962045
rs183031979,0.7727846454363316
rs56012621,0.2335930133704096
rs75053648,0.1463870406150818
rs322154,0.9604992649983615
rs142797501,0.9973184640984982
rs150742778,0.7484071729704738
rs117567997,0.42324902722612023
rs311795,0.19839218817651272
rs144872962,0.42910414724610746
rs74342934,0.13907176698558033
rs144104783,0.2309314040467143
rs11551815,0.8746982563752681
rs73001106,0.23197383037768304
rs112715305,0.029896185267716646
rs62113975,0.13132330193184316
rs113853940,0.6853590956889093
rs157184,0.025161387166008353
rs144783378,0.573497318662703
rs28706304,0.7983567730989307
rs8104898,0.3542443353217095
rs147151151,0.4659722081851214
rs2459015,0.5199334372300655
rs187044404,0.8355544281657785
rs4804669,0.9422362544573843
rs149477399,0.04487991449423134
rs201063216,0.7335173997562379
rs12104149,0.5606929124332964
rs145773218,0.8857205999083817
rs188908477,0.18507981556467712
rs181827160,0.041588147869333625
rs150628107,0.0786925854627043
rs192676234,0.17948122578673065
rs186668195,0.5350140249356627
rs71168690,0.21064892574213445
rs1990228,0.5361410924233496
rs145803932,0.8512437520548701
rs142732650,0.7584369317628443
rs374836353,0.5808902140706778
rs78785408,0.2248272243887186
rs7257097,0.8995963661000133
rs7247656,0.9649134227074683
rs200492825,0.462326864246279
rs183297705,0.19466666551306844
rs74183035,0.7915557348169386
rs112618802,0.873040413018316
rs114512581,0.19278096873313189
rs6511904,0.8388516136910766
rs8111451,0.30447868909686804
rs142240876,0.5033205859363079
rs10415053,0.5862846339587122
rs10404412,0.8143290255684406
rs111596379,0.3054774720221758
rs7245808,0.33232736331410706
rs140739842,0.19405409321188927
rs57168445,0.16159340599551797
rs189404229,0.10312510561197996
rs11668493,0.37468794197775424
rs62124015,0.7600764068774879
rs1860031,0.5287098004482687
rs144355321,0.9649586614686996
rs78598960,0.5530236787162721
rs78426630,0.6640346061903983
rs113745820,0.21534963906742632
rs11673623,0.34733486780896783
rs10426220,0.9080225303769112
rs60824856,0.7195359671022743
rs6512014,0.2862462946213782
rs143834372,0.7104963536839932
rs115006620,0.7067126103211194
rs4809034,0.6266888112295419
rs143664356,0.5007539363577962
rs111442992,0.2554889218881726
rs191209200,0.23210147093050182
rs34186640,0.7781745614483953
rs145622366,0.12255240534432232
rs200310649,0.7439054159913212
rs892145,0.42937170364893973
rs8106039,0.07550695235840976
rs57070637,0.36665233271196485
rs1654600,0.03526869509369135
rs150489968,0.4077295297756791
rs2471745,0.8029775621835142
rs8105794,0.6678224699571729
rs142895821,0.5573822888545692
rs80184177,0.5402045261580497
rs677903,0.2888343238737434
rs151323776,0.4299397054128349
rs185055369,0.3571396756451577
rs185070825,0.8870640199165791
rs150046408,0.3227305128239095
rs3900666,0.712924987077713
rs10605012,0.2865858084987849
rs285287,0.08312049973756075
rs146499702,0.5419367053546011
rs388637,0.43141751759685576
rs149941603,0.459918326465413
rs73928603,0.4310675850138068
rs190899713,0.34382244013249874
rs8111141,0.2292228110600263
rs142235772,0.2575591711793095
rs75838150,0.4237870571669191
rs190046438,0.05090508749708533
rs193142399,0.47920618345960975
rs79846653,0.8803665840532631
rs148603008,0.3979785577394068
rs56091249,0.06351071898825467
rs111583331,0.03994485270231962
rs141216587,0.9279156550765038
rs62126055,0.6821518631186336
rs55726798,0.2907059940043837
rs7250750,0.5576741732656956
rs190106085,0.18773343646898866
rs111713187,0.9523963315878063
rs8101328,0.969379483256489
rs182700872,0.8470010405872017
rs181068757,0.1544226051773876
rs7251632,0.27386030298657715
rs67802402,0.6935001963283867
rs35026316,0.11837128223851323
rs1076386,0.9398733738344163
rs73520730,0.2924929787404835
rs114895069,0.7479900638572872
rs62123609,0.8166368638630956
rs116058934,0.2515234223101288
rs41402946,0.4470070421230048
rs74929147,0.47998958081007004
rs10415319,0.6783974717836827
rs148166237,0.1954034105874598
rs184437626,0.5545194535516202
rs6512273,0.8104870314709842
rs139672755,0.059815600980073214
rs75273723,0.692355175036937
rs138335040,0.40567412390373647
rs79382292,0.7444492201320827
rs758032,0.6699945162981749
rs142640334,0.14297196338884532
rs7252098,0.4163435867521912
rs36100765,0.9456731078680605
rs184333206,0.5232752927113324
rs2006978,0.2867382252588868
rs12610388,0.20631974819116294
rs186726579,0.7680475921370089
rs34538000,0.32368650869466364
rs187555128,0.2717593223787844
rs190811117,0.09939174330793321
rs139533078,0.11674111592583358
rs146744352,0.3302664840593934
rs6511050,0.7860628222115338
rs150265411,0.5733897406607866
rs56981748,0.03745729383081198
rs79868838,0.4670607908628881
rs181269930,0.8587795258499682
rs112028398,0.79433254804462194
rs150559508,0.15139899752102792
rs79633199,0.5372959056403488
rs73004789,0.3284557219594717
rs140448534,0.6443823820445687
rs184943297,0.5026847226545215
rs66617786,0.18598993006162345
rs118011729,0.07566621992737055
rs56397942,0.9881850385572761
rs142785030,0.4647465846501291
rs13345292,0.8383527065161616
rs28706633,0.38357096281833947
rs665210,0.3394472487270832
rs487991,0.7144421166740358
rs111262946,0.3694896197412163
rs73015884,0.9857434926088899
rs138801378,0.36386917787604034
rs145819702,0.6642604323569685
rs145512933,0.28005874436348677
rs7252104,0.5353155911434442
rs12972019,0.7889847406186163
rs2457790,0.735309058567509
rs1634456,0.6238462890032679
rs73930821,0.051949011627584696
rs807963,0.9668862165417522
rs142784804,0.34007436875253916
rs144631744,0.499290335457772
rs192701505,0.5387465872336179
rs187715767,0.41252282564528286
rs111841655,0.3519059414975345
rs58636168,0.7871739307884127
rs146586654,0.4467039124574512
rs112770592,0.32401810004375875
rs146989315,0.6709500143770128
rs61174217,0.7941712003666908
rs146887356,0.5387318222783506
rs192080496,0.013650391949340701
ALU_umary_ALU_11903,0.3329677148722112
rs55766474,0.7905378062278032
rs35378300,0.7613634068984538
rs142154829,0.992606817279011
rs7250528,0.3083367215003818
rs138407767,0.9146174320485443
rs188655173,0.7539389010053128
rs77110110,0.7991615133360028
rs114095946,0.31094994652085006
rs75284525,0.3963973755016923
rs140188338,0.6906021717004478
rs139165093,0.8021190175786614
rs140563926,0.9704387253150344
rs79858333,0.8790678011719137
rs8109004,0.10805487120524049
rs151239252,0.30424015456810594
rs6511468,0.3346181488595903
rs375352269,0.029466205975040793
rs7245776,0.527588713914156
rs34898633,0.9183973704930395
rs143191227,0.1299862484447658
rs148171401,0.2753362294752151
rs139723412,0.7843187507241964
rs76874810,0.44024888169951737
rs4932933,0.6997936717234552
rs62116412,0.2941363446880132
rs11878835,0.7766513042151928
rs185249926,0.9261924861930311
rs58377102,0.31146748224273324
rs55685918,0.8761954014189541
rs79261189,0.39763733954168856
rs62115710,0.9624678462278098
rs76661291,0.9863107348792255
rs75247808,0.7592576274182647
rs189730314,0.847010571975261
rs371915592,0.5933230116497725
rs373534290,0.5456971903331578
rs375612441,0.8647176080849022
rs73531069,0.5315260800998658
UW_VH_19045,0.20310841454192996
rs56174399,0.41517418483272195
rs75994134,0.9480094884056598
rs1594022,0.4988565326202661
rs67519921,0.6340574498753995
rs75039609,0.9740365685429424
rs11669551,0.20388506236486137
rs16968489,0.5316165962722152
rs10420701,0.7185139923822135
rs149106178,0.22882757196202874
rs4805798,0.7385403311345726
rs17684529,0.27642228128388524
rs76398568,0.3856207551434636
rs185708639,0.9535349360667169
rs116206907,0.5762449526228011
rs57147098,0.28867801115848124
rs2052037,0.37976350635290146
rs148710269,0.2106104122940451
rs145473974,0.6558958753012121
rs4280366,0.7794010220095515
rs2112443,0.1523321932181716
rs12972551,0.007848099572584033
rs10408758,0.8634304364677519
rs10410325,0.2619430278427899
rs8104749,0.15031784400343895
rs1364051,0.5510402445215732
rs79032961,0.9515398531220853
rs7254218,0.11732914880849421
rs74439292,0.203878402011469
rs60636956,0.845689004054293
rs71363959,0.0979474768973887
rs11881407,0.17100581317208707
rs148634375,0.5753553092945367
rs149675184,0.8895700112916529
rs139214458,0.46423597424291074
rs148573955,0.2543104945216328
rs145818121,0.7009451768826693
rs182515687,0.34705197159200907
rs141967408,0.17500343616120517
rs111763178,0.1902458977419883
rs201988038,0.7425302776973695
rs138477603,0.8892431857530028
rs111977909,0.3280344365630299
rs116963085,0.7206713675986975
rs146099993,0.10384254297241569
rs56115059,0.7892607303801924
rs114731311,0.8990979865193367
rs72138301,0.3019804160576314
rs455994,0.6181357379537076
rs79141225,0.7813983676023781
rs57838780,0.9989975139033049
rs10717602,0.11649070028215647
rs188047,0.021778377471491694
rs75680800,0.7907048962078989
rs180975217,0.8714893336873502
rs187982260,0.5121625054161996
rs183809464,0.33601017273031175
rs140316216,0.6170529827941209
rs111934256,0.3064132675062865
rs9676942,0.507926455931738
rs116766939,0.5648775370791554
rs10414832,0.4949955453630537
rs11883378,0.6846911369357258
rs192591269,0.6422454558778554
rs143880262,0.07399703143164515
rs183902468,0.6539735833648592
rs139611031,0.3853525861632079
rs145129461,0.6018016659654677
rs141551891,0.782028739573434
rs148151889,0.46466627111658454
rs188366359,0.2764154397882521
rs371979921,0.5189453943166882
rs114980272,0.014554432360455394
rs76339383,0.48368398752063513
rs112105824,0.41971208341419697
rs56366711,0.883673325413838
rs182056704,0.40614831796847284
rs10417562,0.011361095355823636
rs13346990,0.6723982896655798
rs78253809,0.8143603936769068
rs151262498,0.012778125004842877
rs28410137,0.9793544926214963
rs12975846,0.556866631610319
rs76950075,0.27842422062531114
rs112316560,0.2261902247555554
rs11882799,0.654248861130327
rs182020923,0.1663817446678877
rs142430942,0.1708774722646922
rs73573016,0.24850941263139248
rs116661458,0.638024338055402
rs144881576,0.33969933702610433
rs2302968,0.6628192050848156
rs371832122,0.07204108871519566
rs7260265,0.9757387775462121
rs10408280,0.7967091095633805
rs188196803,0.9890377223491669
rs150882287,0.3658376750536263
rs114716597,0.7991056034807116
rs111484921,0.7353833422530442
rs10417393,0.5400740767363459
rs7247833,0.37158750114031136
rs7245502,0.1660730098374188
rs143319858,0.05115662468597293
rs7248137,0.31208314886316657
rs184284703,0.11193411820568144
rs112115520,0.19732536212541163
rs12972060,0.5105674327351153
rs75302965,0.7880189269781113
rs34910385,0.27208294766023755
rs112671578,0.2280420653987676
rs148734640,0.877164563164115
rs116146932,0.48182409373112023
rs59284148,0.4130234431941062
rs148194993,0.0849708947353065
rs74483017,0.8289343002252281
rs80249763,0.8304255432449281
rs11670176,0.5299255419522524
rs7256974,0.2028732185717672
rs73589450,0.32169141760095954
rs4805997,0.013564689783379436
rs185767362,0.019404827151447535
rs13344685,0.2525860322639346
rs2923787,0.43234865204431117
rs73028310,0.27716618380509317
rs6510420,0.22543138731271029
rs2910405,0.882719850866124
rs74756007,0.20526344724930823
rs114335053,0.6486504301428795
rs148688089,0.8785698129795492
rs200562759,0.8625307709444314
rs146052482,0.22205608314834535
rs76583992,0.04968755389563739
rs113711793,0.20450028008781374
rs67486287,0.7621300073806196
rs201167868,0.4057059329934418
rs12461160,0.9896615396719426
rs4806080,0.4972974134143442
rs139873271,0.31947779562324286
rs78212673,0.38200010382570326
rs4805120,0.4713194447103888
rs409093,0.28011010657064617
rs138287766,0.01435371721163392
rs192265603,0.06337732053361833
rs8101766,0.20279070269316435
rs138850788,0.7532227600459009
rs12461025,0.47045330167748034
rs185794603,0.6265309709124267
rs183396918,0.25808614143170416
rs78210307,0.3483114643022418
rs35617825,0.04657398979179561
rs80321803,0.7517066358122975
rs34933126,0.35560525953769684
rs75750733,0.6239397290628403
rs8102057,0.19609335181303322
rs143749389,0.0047302539460361
rs8105294,0.10499752475880086
rs146886399,0.7413273782003671
rs11882451,0.5012566791847348
rs182481370,0.2886476486455649
rs2271844,0.7189514343626797
rs374159074,0.33031411468982697
rs192839900,0.9298979055602103
rs189557803,0.852296813391149
rs115005846,0.8213637424632907
rs138507261,0.17863622540608048
rs114264778,0.920580639038235
rs2432651,0.009084065211936831
rs7251690,0.6956005566753447
rs145731398,0.3966335223522037
rs375756404,0.11297657177783549
rs148304928,0.7756824183743447
rs145903933,0.057177903363481164
rs4536583,0.8943704378325492
rs34993739,0.8464137453120202
rs353414,0.5872584541793913
rs74417971,0.6818050523288548
rs147980498,0.8979331359732896
rs332861,0.64943699818104506
rs34582151,0.47823941614478827
rs118014654,0.8150979331694543
rs34456672,0.6738501803483814
rs10411456,0.979919517878443
rs2960342,0.19458735408261418
rs138666141,0.729349076282233
rs142355647,0.5614416403695941
rs115886954,0.2131402117665857
rs8105055,0.35139334527775645
rs7257007,0.6552403687965125
rs498586,0.5638631589245051
rs11083501,0.8472290525678545
rs2569365,0.5167986697051674
rs140620191,0.3623709939420223
rs376641854,0.01569547690451145
rs148048140,0.6392811869736761
rs1077457,0.814693100983277
rs376999742,0.09554882301017642
rs73930707,0.3930308457929641
rs144715805,0.28894090047106147
rs188140453,0.2087451892439276
rs117819079,0.2400689146015793
rs148778569,0.6010874963831156
rs10425882,0.04413417214527726
rs16973560,0.42853435408324003
rs72480732,0.9021875623147935
rs370599146,0.8285511564463377
rs234340,0.9175385634880513
rs149371797,0.16670930269174278
rs143744952,0.23487711907364428
rs185109787,0.1233738309238106
rs143988532,0.29352988861501217
rs190345794,0.9818172324448824
rs116557546,0.8125607974361628
rs400195,0.30638124071992934
rs9917090,0.19352441281080246
rs190299880,0.9836517048534006
rs116800729,0.2969090302940458
rs114761036,0.4063041992485523
rs79627365,0.16180838108994067
rs55768417,0.11223864112980664
rs114950029,0.09512613737024367
rs73037210,0.30018123099580407
rs181108567,0.883384024258703
rs34299754,0.5366307839285582
rs306001,0.303813859121874
rs3968433,0.5234418993350118
rs141775528,0.49634491349570453
rs190963271,0.5453579239547253
rs117571933,0.14130670041777194
rs141766433,0.26200869656167924
rs12972949,0.4347743312828243
rs28429750,0.7503984386567026
rs4803480,0.5797228768933564
rs2215324,0.6769535175990313
rs118071263,0.3689436244312674
rs10415627,0.44603939400985837
rs117655227,0.15666906395927072
rs74416671,0.8490264527499676
rs184550067,0.2628222703933716
rs28537976,0.6961021050810814
rs10425883,0.34668891690671444
rs1676213,0.9549032251816243
rs4803537,0.043513981625437737
rs201523324,0.63495729630813
rs10420796,0.2981757498346269
rs146689625,0.08140066056512296
rs4399649,0.7820706905331463
rs28500518,0.3490554974414408
rs181035121,0.8164808487053961
rs192941482,0.018775579053908587
rs61442953,0.2399701587855816
rs199792524,0.3864861335605383
rs7257908,0.7288947904016823
rs373374000,0.38467590999789536
rs184081493,0.04043723293580115
rs141546285,0.7028395866509527
rs117594537,0.9256314809899777
rs2354818,0.8968761162832379
rs78810802,0.29342049988918006
rs138697067,0.6496267737820745
rs10409956,0.5045378517825156
rs56203367,0.7872234666720033
rs142312590,0.4536611409857869
rs148184697,0.67000387981534
rs34585267,0.7286265820730478
rs76122190,0.566289157141
rs73043644,0.6178654148243368
rs2599454,0.22459468222223222
rs151001922,0.7771924030967057
rs200508350,0.4818314628209919
rs149479107,0.3533822279423475
rs73569826,0.8604115233756602
rs140069384,0.6857210672460496
rs183448959,0.9753509201109409
rs16978809,0.01952997175976634
rs28588242,0.8062044028192759
rs146160346,0.7127336976118386
rs149177927,0.9769893228076398
rs364772,0.9130952176637948
rs2571162,0.9676283851731569
rs141822072,0.8177402426954359
rs2686760,0.6918627973645926
rs77454511,0.4742615653667599
rs143994597,0.6156363997142762
rs2927436,0.6945176857989281
rs114359662,0.9636673606000841
rs1115527,0.9525360930711031
rs145723603,0.47331474837847054
rs16979588,0.10168536030687392
rs184856492,0.6838038498535752
rs35057129,0.3854065511841327
rs189104942,0.5338211182970554
rs75868424,0.8614057411905378
rs114957333,0.6193136067595333
rs142447083,0.2777148096356541
rs111351824,0.24208598700352013
rs3212977,0.3342623966746032
rs75338467,0.6553748657461256
rs141396237,0.07982912077568471
rs10404527,0.5898453313857317
rs144734271,0.10531009547412395
rs199931319,0.19096470158547163
rs78268026,0.9253510378766805
rs28396657,0.47403628774918616
rs10404866,0.9830425085965544
rs75966333,0.2327517590019852
rs114374262,0.262316960375756
rs10402339,0.5552079658955336
rs10425260,0.06096346536651254
rs73048062,0.6401319643482566
rs143153442,0.662788158049807
rs74681715,0.7780616863165051
rs139682675,0.8912065913900733
rs10411912,0.2638121140189469
rs79902384,0.6337379706092179
rs146576253,0.4244951894506812
rs10425791,0.20132082980126143
rs10421694,0.35980829526670277
rs151297311,0.1936613169964403
rs147167644,0.9000337426550686
rs8101491,0.21353184012696147
rs118029635,0.9456118904054165
rs116778310,0.19360678270459175
rs147344043,0.49161032191477716
rs141566752,0.705129902344197
rs148013166,0.7208855787757784
rs139189729,0.9304792832117528
rs117711655,0.28211028105579317
rs142481566,0.7904324508272111
rs376376309,0.9670255521778017
rs8100574,0.89814802701585
rs190420038,0.9313487689942122
rs73565775,0.5119692371226847
rs370992558,0.8258747844956815
rs191323810,0.7578610838390887
rs11670965,0.36873464728705585
rs76319792,0.8255094077903777
rs7254788,0.5855149307753891
rs138853548,0.5955301518552005
rs117423531,0.866321268491447
rs112577440,0.7462703203782439
rs188001210,0.3198786312714219
rs113656570,0.9835389675572515
rs75303089,0.68313675140962
rs16982150,0.029973203781992197
rs116287418,0.08144151675514877
rs116164952,0.029174379305914044
rs281411,0.9748822182882577
rs12611143,0.8762958813458681
rs2071699,0.7909488966688514
rs73585800,0.4384958790615201
rs146146823,0.5228526804130524
rs190667650,0.28508777637034655
rs73063535,0.9129051025956869
rs12974483,0.6272015585564077
rs138540556,0.4981910160277039
rs117302812,0.294265951262787
rs145982843,0.6600335109978914
rs199661350,0.3368130284361541
rs79159063,0.6570870280265808
rs112070230,0.537522942526266
rs8103409,0.18185855634510517
rs73048802,0.06786035187542439
rs111445623,0.03646691492758691
rs149038302,0.9365679752081633
rs10422689,0.4610657999292016
rs150199681,0.6966851307079196
rs117708364,0.4581854147836566
rs66937811,0.9941059439443052
rs5828413,0.17491667112335563
rs58656993,0.8357472761999816
rs76858107,0.6327147784177214
rs59394422,0.5718521575909108
rs73060974,0.805037357378751
rs140507503,0.6373811007943004
rs141316495,0.05505173490382731
rs593715,0.9345128799322993
rs75759654,0.5066082617267966
rs73586292,0.7136798338033259
rs78859479,0.8188973690848798
rs114837306,0.30651728599332273
rs73058207,0.7235498640220612
rs2607238,0.43824920360930264
rs73591302,0.8580921865068376
rs189211714,0.06410075561143458
rs11881354,0.27446211222559214
rs59692791,0.9208326756488532
rs268886,0.5404273634776473
rs268892,0.323663110146299
rs116809453,0.6854308624751866
rs150404891,0.6490161207038909
rs148312470,0.5537068464327604
rs7253328,0.7622555654961616
rs143207768,0.8727795344311744
rs61731761,0.8164289125707
rs1628977,0.5975109618157148
rs60619501,0.39486886165104806
rs112905231,0.6634478343185037
rs181637290,0.4447818580083549
rs62116361,0.877512225182727
rs76708205,0.01224449253641069
rs80222041,0.08317219442687929
rs7246433,0.6540080490522087
rs34317588,0.19378697546198964
rs73052861,0.38330819131806493
rs7359873,0.2371244733221829
rs78405073,0.3303073439747095
rs181433915,0.38329220097512007
rs11671807,0.5897140318993479
rs200632664,0.7082527030725032
rs147232408,0.879317099461332
rs116110658,0.7184639007318765
rs7253958,0.4564917366951704
rs56371696,0.5331094125285745
rs149894288,0.746169370599091
rs141933181,0.4895980360452086
rs112750288,0.06609813659451902
rs10418666,0.6523573268204927
rs10403283,0.3665995872579515
rs12978395,0.3461310912389308
rs7252317,0.8665503228548914
rs2867975,0.914605360943824
rs12459176,0.8468137693125755
rs172955,0.3069742601364851
rs112007351,0.25127038336358964
rs13345810,0.056281876750290394
rs144059618,0.4991063477937132
rs73576389,0.13002365012653172
rs59047182,0.9496133208740503
rs149438845,0.2737173088826239
rs137866445,0.6088560451753438
rs113571890,0.5851940992288291
rs192756175,0.953150266315788
rs28445194,0.15640120254829526
rs73055037,0.05870898743160069
rs17770717,0.9217909462749958
rs370113229,0.31013911962509155
rs4801969,0.37139242934063077
rs188439290,0.6110278924461454
rs73592705,0.27164044603705406
rs12609817,0.7008188599720597
rs11883432,0.45426091738045216
rs192749775,0.8737549048382789
rs59290332,0.5717065690550953
rs12975008,0.4572193957865238
rs2569570,0.3216532217338681
rs2708759,0.2249447766225785
rs137915801,0.16398296761326492
rs373488293,0.6598683183547109
rs143164034,0.6232573206070811
rs12610443,0.38023205287754536
rs113290542,0.11051277909427881
rs149136552,0.43206929229199886
rs115691838,0.6863963096402586
rs145309987,0.02557194698601961
rs112321422,0.17803467740304768
rs73056711,0.7013201101217419
rs111309735,0.6089120509568602
rs7252826,0.9931542503181845
rs145624676,0.055576272308826447
rs148953398,0.06011764472350478
rs117942579,0.018018884351477027
rs7250635,0.411900969222188
rs111989688,0.6133505636826158
rs1761450,0.9920228291302919
rs10415085,0.6979108571540564
rs35951956,0.7266410032752901
rs114196206,0.1951955296099186
rs113800884,0.8115368715953082
rs7359895,0.9166724493261427
rs117196959,0.7436970903072506
rs10422981,0.7296406314708292
rs201691561,0.8097675025928766
rs186446275,0.13042033649981022
rs77046104,0.02742254314944148
rs182901198,0.6471493726130575
rs139698401,0.1905689120758325
rs75741558,0.649798440746963
DUP_uwash_chr19_55542261_55650100,0.09783210279420018
rs34965439,0.37735909363254905
rs1654446,0.7208300163038075
rs139810724,0.29200434731319547
rs374687855,0.6199835678562522
rs2288519,0.6341647617518902
rs370734858,0.8883999043609947
rs10413828,0.6300838640891016
rs7478,0.9843949074856937
rs11084399,0.5400003872346133
rs370678497,0.7812851476483047
rs62126981,0.40554128657095134
rs141871850,0.26619634381495416
rs188419687,0.9716955085750669
rs193280000,0.902456508949399
rs397977,0.5666550782043487
rs115058356,0.21077232202515006
rs138436757,0.8512230673804879
rs629836,0.9464072100818157
rs115037446,0.014654272934421897
rs73617555,0.3128357029054314
rs116683809,0.5373328903224319
rs10413678,0.8425282237585634
rs116796726,0.792334885103628
rs2870092,0.8735375478863716
rs188076896,0.9368530255742371
rs10404419,0.06103159696795046
rs7507888,0.8423885290976614
rs137945468,0.686921771382913
rs144017052,0.9190549305640161
rs147950452,0.6011468097567558
rs187644317,0.5170216888654977
rs10423654,0.003901849500834942
rs115830893,0.49290095269680023
rs10426996,0.013474747305735946
rs2902945,0.6999646294862032
rs184324214,0.7625370328314602
rs115794362,0.983411978231743
rs28735539,0.6235070610418916
rs200801623,0.42775742476806045
rs61132410,0.22356776846572757
rs191869539,0.09654267178848386
rs140920986,0.4204634837806225
rs138933750,0.6087019476108253
rs7254526,0.953267116099596
rs117784001,0.1146439928561449
rs75320213,0.3453770524356514
rs9749360,0.91701755579561
rs139301233,0.5658754529431462
rs78273589,0.5077757658436894
rs75454483,0.20581773295998573
rs147624441,0.663174199173227
rs10804,0.9988718568347394
rs4801240,0.6640216126106679
rs74923054,0.4469272366259247
rs111476488,0.43489790847525
rs34255209,0.7594772768206894
rs147693301,0.1485624855849892
